{
    "name": "root",
    "gauges": {
        "PlaneAgent.Policy.Entropy.mean": {
            "value": 0.36159810423851013,
            "min": 0.36159810423851013,
            "max": 0.7031935453414917,
            "count": 92
        },
        "PlaneAgent.Policy.Entropy.sum": {
            "value": 36134.5,
            "min": 36134.5,
            "max": 71356.5625,
            "count": 92
        },
        "PlaneAgent.Step.mean": {
            "value": 34199887.0,
            "min": 25099915.0,
            "max": 34199887.0,
            "count": 92
        },
        "PlaneAgent.Step.sum": {
            "value": 34199887.0,
            "min": 25099915.0,
            "max": 34199887.0,
            "count": 92
        },
        "PlaneAgent.Policy.ExtrinsicValueEstimate.mean": {
            "value": 243.8636474609375,
            "min": 198.28175354003906,
            "max": 262.31671142578125,
            "count": 92
        },
        "PlaneAgent.Policy.ExtrinsicValueEstimate.sum": {
            "value": 191920.6875,
            "min": 156047.734375,
            "max": 206967.890625,
            "count": 92
        },
        "PlaneAgent.Environment.EpisodeLength.mean": {
            "value": 8250.545454545454,
            "min": 2687.6,
            "max": 19999.0,
            "count": 92
        },
        "PlaneAgent.Environment.EpisodeLength.sum": {
            "value": 90756.0,
            "min": 13438.0,
            "max": 165130.0,
            "count": 92
        },
        "PlaneAgent.Environment.CumulativeReward.mean": {
            "value": 20462.84174936468,
            "min": 6186.697021484375,
            "max": 43872.34719610214,
            "count": 92
        },
        "PlaneAgent.Environment.CumulativeReward.sum": {
            "value": 225091.25924301147,
            "min": 30933.485107421875,
            "max": 404023.58563423157,
            "count": 92
        },
        "PlaneAgent.Policy.ExtrinsicReward.mean": {
            "value": 20462.84174936468,
            "min": 6186.697021484375,
            "max": 43872.34719610214,
            "count": 92
        },
        "PlaneAgent.Policy.ExtrinsicReward.sum": {
            "value": 225091.25924301147,
            "min": 30933.485107421875,
            "max": 404023.58563423157,
            "count": 92
        },
        "PlaneAgent.Losses.PolicyLoss.mean": {
            "value": 0.048636350740572966,
            "min": 0.04520421805369749,
            "max": 0.05211752467883141,
            "count": 92
        },
        "PlaneAgent.Losses.PolicyLoss.sum": {
            "value": 0.5836362088868756,
            "min": 0.45204218053697487,
            "max": 0.6493676049540227,
            "count": 92
        },
        "PlaneAgent.Losses.ValueLoss.mean": {
            "value": 36.00727020653108,
            "min": 20.812506397239087,
            "max": 131.06438002900947,
            "count": 92
        },
        "PlaneAgent.Losses.ValueLoss.sum": {
            "value": 432.087242478373,
            "min": 249.75007676686903,
            "max": 1572.7725603481138,
            "count": 92
        },
        "PlaneAgent.Policy.LearningRate.mean": {
            "value": 0.00013170666614668403,
            "min": 0.00013170666614668403,
            "max": 0.000149894983052521,
            "count": 92
        },
        "PlaneAgent.Policy.LearningRate.sum": {
            "value": 0.0015804799937602083,
            "min": 0.00149894983052521,
            "max": 0.001940907595546367,
            "count": 92
        },
        "PlaneAgent.Policy.Epsilon.mean": {
            "value": 0.132926658,
            "min": 0.132926658,
            "max": 0.13747373949999997,
            "count": 92
        },
        "PlaneAgent.Policy.Epsilon.sum": {
            "value": 1.5951198960000001,
            "min": 1.3747373949999997,
            "max": 1.7852268165,
            "count": 92
        },
        "PlaneAgent.Policy.Beta.mean": {
            "value": 0.00013512130040000002,
            "min": 0.00013512130040000002,
            "max": 0.00015240021010000005,
            "count": 92
        },
        "PlaneAgent.Policy.Beta.sum": {
            "value": 0.0016214556048000002,
            "min": 0.0015240021010000005,
            "max": 0.0019738619027,
            "count": 92
        },
        "PlaneAgent.IsTraining.mean": {
            "value": 1.0,
            "min": 1.0,
            "max": 1.0,
            "count": 92
        },
        "PlaneAgent.IsTraining.sum": {
            "value": 1.0,
            "min": 1.0,
            "max": 1.0,
            "count": 92
        }
    },
    "metadata": {
        "timer_format_version": "0.1.0",
        "start_time_seconds": "1746644921",
        "python_version": "3.10.11 (tags/v3.10.11:7d4cc5a, Apr  5 2023, 00:38:17) [MSC v.1929 64 bit (AMD64)]",
        "command_line_arguments": "D:\\Studium\\Semester 4\\Machine Learning\\Plane-Machine-Learning\\Machine Learning Plane\\venv\\Scripts\\mlagents-learn config\\PlaneAgentFinal.yaml --run-id=FinalResultPresentation --resume",
        "mlagents_version": "1.1.0",
        "mlagents_envs_version": "1.1.0",
        "communication_protocol_version": "1.5.0",
        "pytorch_version": "2.7.0+cpu",
        "numpy_version": "1.23.5",
        "end_time_seconds": "1746651423"
    },
    "total": 6502.326156599913,
    "count": 1,
    "self": 0.00264439987950027,
    "children": {
        "run_training.setup": {
            "total": 0.05895570002030581,
            "count": 1,
            "self": 0.05895570002030581
        },
        "TrainerController.start_learning": {
            "total": 6502.264556500013,
            "count": 1,
            "self": 10.143216092488728,
            "children": {
                "TrainerController._reset_env": {
                    "total": 59.332625600043684,
                    "count": 1,
                    "self": 59.332625600043684
                },
                "TrainerController.advance": {
                    "total": 6432.749091507518,
                    "count": 616620,
                    "self": 9.378880065865815,
                    "children": {
                        "env_step": {
                            "total": 3564.663189745974,
                            "count": 616620,
                            "self": 2819.7553355244454,
                            "children": {
                                "SubprocessEnvManager._take_step": {
                                    "total": 738.5452569740592,
                                    "count": 616620,
                                    "self": 31.931049827602692,
                                    "children": {
                                        "TorchPolicy.evaluate": {
                                            "total": 706.6142071464565,
                                            "count": 615644,
                                            "self": 706.6142071464565
                                        }
                                    }
                                },
                                "workers": {
                                    "total": 6.362597247469239,
                                    "count": 616619,
                                    "self": 0.0,
                                    "children": {
                                        "worker_root": {
                                            "total": 6372.639767302666,
                                            "count": 616619,
                                            "is_parallel": true,
                                            "self": 4312.627367603593,
                                            "children": {
                                                "steps_from_proto": {
                                                    "total": 0.0003269999288022518,
                                                    "count": 1,