{
    "name": "root",
    "gauges": {
        "PlaneAgent.Policy.Entropy.mean": {
            "value": 0.7062004208564758,
            "min": 0.7061139345169067,
            "max": 0.8179723620414734,
            "count": 94
        },
        "PlaneAgent.Policy.Entropy.sum": {
            "value": 70644.7578125,
            "min": 70392.5,
            "max": 81782.640625,
            "count": 94
        },
        "PlaneAgent.Step.mean": {
            "value": 24999944.0,
            "min": 15699936.0,
            "max": 24999944.0,
            "count": 94
        },
        "PlaneAgent.Step.sum": {
            "value": 24999944.0,
            "min": 15699936.0,
            "max": 24999944.0,
            "count": 94
        },
        "PlaneAgent.Policy.ExtrinsicValueEstimate.mean": {
            "value": 233.21987915039062,
            "min": 104.88200378417969,
            "max": 273.0416259765625,
            "count": 94
        },
        "PlaneAgent.Policy.ExtrinsicValueEstimate.sum": {
            "value": 183544.046875,
            "min": 82437.2578125,
            "max": 214064.640625,
            "count": 94
        },
        "PlaneAgent.Environment.EpisodeLength.mean": {
            "value": 8406.8,
            "min": 1842.7058823529412,
            "max": 17776.8,
            "count": 94
        },
        "PlaneAgent.Environment.EpisodeLength.sum": {
            "value": 84068.0,
            "min": 19116.0,
            "max": 201483.0,
            "count": 94
        },
        "PlaneAgent.Environment.CumulativeReward.mean": {
            "value": 19424.69909725189,
            "min": 1733.0684245614445,
            "max": 42466.60321305015,
            "count": 94
        },
        "PlaneAgent.Environment.CumulativeReward.sum": {
            "value": 194246.99097251892,
            "min": 29462.163217544556,
            "max": 467132.63534355164,
            "count": 94
        },
        "PlaneAgent.Policy.ExtrinsicReward.mean": {
            "value": 19424.69909725189,
            "min": 1733.0684245614445,
            "max": 42466.60321305015,
            "count": 94
        },
        "PlaneAgent.Policy.ExtrinsicReward.sum": {
            "value": 194246.99097251892,
            "min": 29462.163217544556,
            "max": 467132.63534355164,
            "count": 94
        },
        "PlaneAgent.Losses.PolicyLoss.mean": {
            "value": 0.049070213748159903,
            "min": 0.0462614315552451,
            "max": 0.05095996068154545,
            "count": 94
        },
        "PlaneAgent.Losses.PolicyLoss.sum": {
            "value": 0.5888425649779189,
            "min": 0.42522270085173036,
            "max": 0.6359398470607024,
            "count": 94
        },
        "PlaneAgent.Losses.ValueLoss.mean": {
            "value": 94.64398665312262,
            "min": 20.52455075793171,
            "max": 164.5715976075994,
            "count": 94
        },
        "PlaneAgent.Losses.ValueLoss.sum": {
            "value": 1135.7278398374715,
            "min": 266.81915985311224,
            "max": 1974.8591712911925,
            "count": 94
        },
        "PlaneAgent.Policy.LearningRate.mean": {
            "value": 3.7449714613466685e-07,
            "min": 3.7449714613466685e-07,
            "max": 7.4733454633304e-05,
            "count": 94
        },
        "PlaneAgent.Policy.LearningRate.sum": {
            "value": 4.4939657536160024e-06,
            "min": 4.4939657536160024e-06,
            "max": 0.0009516036241985998,
            "count": 94
        },
        "PlaneAgent.Policy.Epsilon.mean": {
            "value": 0.1000935993333333,
            "min": 0.1000935993333333,
            "max": 0.118683348,
            "count": 94
        },
        "PlaneAgent.Policy.Epsilon.sum": {
            "value": 1.2011231919999996,
            "min": 1.068150132,
            "max": 1.5379007000000005,
            "count": 94
        },
        "PlaneAgent.Policy.Beta.mean": {
            "value": 1.0355677466666668e-05,
            "min": 1.0355677466666668e-05,
            "max": 8.099672239999999e-05,
            "count": 94
        },
        "PlaneAgent.Policy.Beta.sum": {
            "value": 0.00012426812960000003,
            "min": 0.00012426812960000003,
            "max": 0.00103402266,
            "count": 94
        },
        "PlaneAgent.IsTraining.mean": {
            "value": 1.0,
            "min": 1.0,
            "max": 1.0,
            "count": 94
        },
        "PlaneAgent.IsTraining.sum": {
            "value": 1.0,
            "min": 1.0,
            "max": 1.0,
            "count": 94
        }
    },
    "metadata": {
        "timer_format_version": "0.1.0",
        "start_time_seconds": "1746637585",
        "python_version": "3.10.11 (tags/v3.10.11:7d4cc5a, Apr  5 2023, 00:38:17) [MSC v.1929 64 bit (AMD64)]",
        "command_line_arguments": "D:\\Studium\\Semester 4\\Machine Learning\\Plane-Machine-Learning\\Machine Learning Plane\\venv\\Scripts\\mlagents-learn config\\PlaneAgentFinal.yaml --run-id=FinalResultPresentation --resume",
        "mlagents_version": "1.1.0",
        "mlagents_envs_version": "1.1.0",
        "communication_protocol_version": "1.5.0",
        "pytorch_version": "2.7.0+cpu",
        "numpy_version": "1.23.5",
        "end_time_seconds": "1746644460"
    },
    "total": 6874.901191200013,
    "count": 1,
    "self": 0.006937199970707297,
    "children": {
        "run_training.setup": {
            "total": 0.06621409999206662,
            "count": 1,
            "self": 0.06621409999206662
        },
        "TrainerController.start_learning": {
            "total": 6874.8280399000505,
            "count": 1,
            "self": 9.717013235902414,
            "children": {
                "TrainerController._reset_env": {
                    "total": 51.579835599986836,
                    "count": 1,
                    "self": 51.579835599986836
                },
                "TrainerController.advance": {
                    "total": 6813.479528664146,
                    "count": 626535,
                    "self": 9.219026516075246,
                    "children": {
                        "env_step": {
                            "total": 3799.9215819317615,
                            "count": 626535,
                            "self": 3071.309237735928,
                            "children": {
                                "SubprocessEnvManager._take_step": {
                                    "total": 722.4646049034782,
                                    "count": 626535,
                                    "self": 30.946830504806712,
                                    "children": {
                                        "TorchPolicy.evaluate": {
                                            "total": 691.5177743986715,
                                            "count": 625835,
                                            "self": 691.5177743986715
                                        }
                                    }
                                },
                                "workers": {
                                    "total": 6.147739292355254,
                                    "count": 626535,
                                    "self": 0.0,
                                    "children": {
                                        "worker_root": {
                                            "total": 6815.705157303484,
                                            "count": 626535,
                                            "is_parallel": true,
                                            "self": 4421.854508791934,
                                            "children": {
                                                "steps_from_proto": {
                                                    "total": 0.0002106999745592475,
                                                    "count": 1,