{
    "name": "root",
    "gauges": {
        "PlaneAgent.Policy.Entropy.mean": {
            "value": 1.3922480344772339,
            "min": 1.3922480344772339,
            "max": 1.4283876419067383,
            "count": 12
        },
        "PlaneAgent.Policy.Entropy.sum": {
            "value": 139377.953125,
            "min": 39455.98828125,
            "max": 142982.46875,
            "count": 12
        },
        "PlaneAgent.Environment.EpisodeLength.mean": {
            "value": 306.2286585365854,
            "min": 306.2286585365854,
            "max": 745.6370370370371,
            "count": 12
        },
        "PlaneAgent.Environment.EpisodeLength.sum": {
            "value": 100443.0,
            "min": 20845.0,
            "max": 101909.0,
            "count": 12
        },
        "PlaneAgent.Step.mean": {
            "value": 1799936.0,
            "min": 699994.0,
            "max": 1799936.0,
            "count": 12
        },
        "PlaneAgent.Step.sum": {
            "value": 1799936.0,
            "min": 699994.0,
            "max": 1799936.0,
            "count": 12
        },
        "PlaneAgent.Policy.ExtrinsicValueEstimate.mean": {
            "value": -434.2940979003906,
            "min": -434.2940979003906,
            "max": -390.4786071777344,
            "count": 12
        },
        "PlaneAgent.Policy.ExtrinsicValueEstimate.sum": {
            "value": -749591.625,
            "min": -749591.625,
            "max": -174040.3125,
            "count": 12
        },
        "PlaneAgent.Environment.CumulativeReward.mean": {
            "value": -1688.8434717364428,
            "min": -3238.019130226418,
            "max": -1688.8434717364428,
            "count": 12
        },
        "PlaneAgent.Environment.CumulativeReward.sum": {
            "value": -553940.6587295532,
            "min": -553940.6587295532,
            "max": -94208.76974487305,
            "count": 12
        },
        "PlaneAgent.Policy.ExtrinsicReward.mean": {
            "value": -1688.8434717364428,
            "min": -3238.019130226418,
            "max": -1688.8434717364428,
            "count": 12
        },
        "PlaneAgent.Policy.ExtrinsicReward.sum": {
            "value": -553940.6587295532,
            "min": -553940.6587295532,
            "max": -94208.76974487305,
            "count": 12
        },
        "PlaneAgent.Losses.PolicyLoss.mean": {
            "value": 0.06961405011971118,
            "min": 0.06809496373383202,
            "max": 0.07116846684162821,
            "count": 12
        },
        "PlaneAgent.Losses.PolicyLoss.sum": {
            "value": 1.6707372028730685,
            "min": 0.4270108010497693,
            "max": 1.7123904492630875,
            "count": 12
        },
        "PlaneAgent.Losses.ValueLoss.mean": {
            "value": 4408.29333311219,
            "min": 2364.2897842384023,
            "max": 4408.29333311219,
            "count": 12
        },
        "PlaneAgent.Losses.ValueLoss.sum": {
            "value": 105799.03999469256,
            "min": 14185.738705430413,
            "max": 105799.03999469256,
            "count": 12
        },
        "PlaneAgent.Policy.LearningRate.mean": {
            "value": 0.00029947518477493846,
            "min": 0.00029947518477493846,
            "max": 0.0002997936207687931,
            "count": 12
        },
        "PlaneAgent.Policy.LearningRate.sum": {
            "value": 0.007187404434598523,
            "min": 0.0017987617246127585,
            "max": 0.00749062551102483,
            "count": 12
        },
        "PlaneAgent.Policy.Epsilon.mean": {
            "value": 0.19982506153333335,
            "min": 0.19982506153333335,
            "max": 0.1999312069,
            "count": 12
        },
        "PlaneAgent.Policy.Epsilon.sum": {
            "value": 4.7958014768,
            "min": 1.1995872414,
            "max": 4.9968751693,
            "count": 12
        },
        "PlaneAgent.Policy.Beta.mean": {
            "value": 0.0004991428015133334,
            "min": 0.0004991428015133334,
            "max": 0.0004996629138100001,
            "count": 12
        },
        "PlaneAgent.Policy.Beta.sum": {
            "value": 0.01197942723632,
            "min": 0.002997977482860001,
            "max": 0.012484688329569999,
            "count": 12
        },
        "PlaneAgent.IsTraining.mean": {
            "value": 1.0,
            "min": 1.0,
            "max": 1.0,
            "count": 12
        },
        "PlaneAgent.IsTraining.sum": {
            "value": 1.0,
            "min": 1.0,
            "max": 1.0,
            "count": 12
        }
    },
    "metadata": {
        "timer_format_version": "0.1.0",
        "start_time_seconds": "1746482103",
        "python_version": "3.10.11 (tags/v3.10.11:7d4cc5a, Apr  5 2023, 00:38:17) [MSC v.1929 64 bit (AMD64)]",
        "command_line_arguments": "D:\\Studium\\Semester 4\\Machine Learning\\Plane-Machine-Learning\\Machine Learning Plane\\venv\\Scripts\\mlagents-learn config\\PlaneAgent3.yaml --run-id=TestRun3 --resume",
        "mlagents_version": "1.1.0",
        "mlagents_envs_version": "1.1.0",
        "communication_protocol_version": "1.5.0",
        "pytorch_version": "2.7.0+cpu",
        "numpy_version": "1.23.5",
        "end_time_seconds": "1746482977"
    },
    "total": 874.0969363000477,
    "count": 1,
    "self": 0.0026596999960020185,
    "children": {
        "run_training.setup": {
            "total": 0.06822060002014041,
            "count": 1,
            "self": 0.06822060002014041
        },
        "TrainerController.start_learning": {
            "total": 874.0260560000315,
            "count": 1,
            "self": 1.2596861066995189,
            "children": {
                "TrainerController._reset_env": {
                    "total": 29.98152739997022,
                    "count": 1,
                    "self": 29.98152739997022
                },
                "TrainerController.advance": {
                    "total": 842.7572233934188,
                    "count": 80950,
                    "self": 1.2004607608541846,
                    "children": {
                        "env_step": {
                            "total": 478.2139816341223,
                            "count": 80950,
                            "self": 418.48595149139874,
                            "children": {
                                "SubprocessEnvManager._take_step": {
                                    "total": 58.92011047527194,
                                    "count": 80950,
                                    "self": 3.877516283537261,
                                    "children": {
                                        "TorchPolicy.evaluate": {
                                            "total": 55.04259419173468,
                                            "count": 79094,
                                            "self": 55.04259419173468
                                        }
                                    }
                                },
                                "workers": {
                                    "total": 0.8079196674516425,
                                    "count": 80949,
                                    "self": 0.0,
                                    "children": {
                                        "worker_root": {
                                            "total": 781.7056105152005,
                                            "count": 80949,
                                            "is_parallel": true,
                                            "self": 513.16503140633,
                                            "children": {
                                                "steps_from_proto": {
                                                    "total": 0.0002440999960526824,
                                                    "count": 1,